{
  "omaimarahhal3@gmail.com": {
    "devices": [
      {
        "credentialPublicKey": "pQECAyYgASFYIPCoKe9AOvpY6sNXSr90bJn7yATTLh81AxMOpPUlhDbIIlggZechuVdYwFKtJxFNTyVJqgp0CwVBBURJXkdhnwzg588",
        "credentialID": "MligvzzyBTyDL3ljq0wvY02mBNubt-f2SQdIHlYicqY",
        "transports": [
          "internal"
        ]
      }
    ],
    "userID": "b21haW1hcmFoaGFsM0BnbWFpbC5jb20",
    "userName": "omaimarahhal3@gmail.com"
  },
  "asasa": {
    "devices": [
      {
        "credentialPublicKey": "pQECAyYgASFYIG6BD0cHlV1-QxKa9YH1b09eMLp7Qmvx9kxAcJqH_PlzIlgg8tGj6khSb2OaAI8ykekPFBaYXyR8w3R7KX_ck30bHAM",
        "credentialID": "sbZZWeB9Ghg9mxKNOcHCdAOOSOa4xmGdNeWrbm2BTJ8",
        "transports": [
          "internal"
        ]
      }
    ],
    "userID": "YXNhc2E",
    "userName": "asasa"
  },
  "admin22@gmail.com": {
    "username": "admin22@gmail.com",
    "password": "$2b$10$YGpZfTxMQ18o6Q/yKVBWLugbhzEWs3l8Qp4LrjkENRW1SKEQHwIGq"
  }
}