{
    "client_id": "753610059458-41jef35mnhfck2jodiqgr4nh87g32noj.apps.googleusercontent.com",
    "project_id": "gifted-cooler-406419",
    "auth_uri": "https://accounts.google.com/o/oauth2/auth",
    "token_uri": "https://oauth2.googleapis.com/token",
    "auth_provider_x509_cert_url": "https://www.googleapis.com/oauth2/v1/certs",
    "client_secret": "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",
    "redirect_uris": ["http://localhost:3000/auth/google/callback"],
    "javascript_origins": ["http://localhost:3000"]
    
  }
  